model,num_samples,num_labeled_samples,precision,recall,f1,pr_auc,roc_auc,detection_delay
windowed_autoencoder,4177,219,1.0,0.8264840182648402,0.905,0.9999999999999998,,0.0
lof,4177,219,1.0,0.7397260273972602,0.8503937007874016,0.9999999999999998,,0.0
one_class_svm,4177,219,1.0,0.6301369863013698,0.773109243697479,0.9999999999999998,,0.0
stis,4177,219,1.0,0.6164383561643836,0.7627118644067796,1.0,,0.0
isolation_forest,4177,219,1.0,0.3150684931506849,0.4791666666666667,0.9999999999999998,,2.0
