{
  "dataset": "batadal",
  "threshold": 1.3268027312226969,
  "metrics": {
    "num_samples": 4177,
    "num_labeled_samples": 219,
    "precision": 1.0,
    "recall": 0.6164383561643836,
    "f1": 0.7627118644067796,
    "pr_auc": 1.0,
    "confusion_matrix": [
      [
        0,
        0
      ],
      [
        84,
        135
      ]
    ],
    "detection_delay": 0.0,
    "roc_auc": null
  },
  "ablations": {
    "value_only": {
      "num_samples": 4177,
      "num_labeled_samples": 219,
      "precision": 1.0,
      "recall": 0.3881278538812785,
      "f1": 0.5592105263157895,
      "pr_auc": 1.0,
      "confusion_matrix": [
        [
          0,
          0
        ],
        [
          134,
          85
        ]
      ],
      "detection_delay": 8.0,
      "roc_auc": null,
      "threshold": 0.9832303829079018
    },
    "value_transition": {
      "num_samples": 4177,
      "num_labeled_samples": 219,
      "precision": 1.0,
      "recall": 0.6164383561643836,
      "f1": 0.7627118644067796,
      "pr_auc": 1.0,
      "confusion_matrix": [
        [
          0,
          0
        ],
        [
          84,
          135
        ]
      ],
      "detection_delay": 0.0,
      "roc_auc": null,
      "threshold": 1.3268027312226969
    },
    "full": {
      "num_samples": 4177,
      "num_labeled_samples": 219,
      "precision": 1.0,
      "recall": 0.6164383561643836,
      "f1": 0.7627118644067796,
      "pr_auc": 1.0,
      "confusion_matrix": [
        [
          0,
          0
        ],
        [
          84,
          135
        ]
      ],
      "detection_delay": 0.0,
      "roc_auc": null,
      "threshold": 1.3268027312226969
    }
  }
}